Year,Female percentage
2020,0.18899178730067429
2019,0.18953530918404685
2018,0.18820567959415016
